"clean_file","orig_file","year","date"
"ALHR71DT_2021-08-11.RDS","ALHR71DT.DTA","2017","2021-08-11"
"ALIR71DT_2021-08-11.RDS","ALIR71DT.DTA","2017","2021-08-11"
"ALHR51DT_2021-08-11.RDS","ALHR51DT.DTA","2008","2021-08-11"
"ALIR51DT_2021-08-11.RDS","ALIR51DT.DTA","2008","2021-08-11"
"AOHR71DT_2021-08-11.RDS","AOHR71DT.DTA","2015","2021-08-11"
"AOIR71DT_2021-08-11.RDS","AOIR71DT.DTA","2015","2021-08-11"
"AOHR62DT_2021-08-11.RDS","AOHR62DT.DTA","2011","2021-08-11"
"AOIR62DT_2021-08-11.RDS","AOIR62DT.DTA","2011","2021-08-11"
"AOHR51DT_2021-08-11.RDS","AOHR51DT.DTA","2006","2021-08-11"
"AOIR51DT_2021-08-11.RDS","AOIR51DT.DTA","2006","2021-08-11"
"AMHR72DT_2021-08-11.RDS","AMHR72DT.DTA","2016","2021-08-11"
"AMIR72DT_2021-08-11.RDS","AMIR72DT.DTA","2016","2021-08-11"
"AMHR61DT_2021-08-11.RDS","AMHR61DT.DTA","2010","2021-08-11"
"AMIR61DT_2021-08-11.RDS","AMIR61DT.DTA","2010","2021-08-11"
"BDHR7RDT_2021-08-11.RDS","BDHR7RDT.DTA","2017","2021-08-11"
"BDIR7RDT_2021-08-11.RDS","BDIR7RDT.DTA","2017","2021-08-11"
"BDHR72DT_2021-08-11.RDS","BDHR72DT.DTA","2014","2021-08-11"
"BDIR72DT_2021-08-11.RDS","BDIR72DT.DTA","2014","2021-08-11"
"BDHR61DT_2021-08-11.RDS","BDHR61DT.DTA","2011","2021-08-11"
"BDIR61DT_2021-08-11.RDS","BDIR61DT.DTA","2011","2021-08-11"
"BDHR51DT_2021-08-11.RDS","BDHR51DT.DTA","2007","2021-08-11"
"BDIR51DT_2021-08-11.RDS","BDIR51DT.DTA","2007","2021-08-11"
"BDHR4JDT_2021-08-11.RDS","BDHR4JDT.DTA","2004","2021-08-11"
"BDIR4JDT_2021-08-11.RDS","BDIR4JDT.DTA","2004","2021-08-11"
"BDHR41DT_2021-08-11.RDS","BDHR41DT.DTA","2000","2021-08-11"
"BDIR41DT_2021-08-11.RDS","BDIR41DT.DTA","2000","2021-08-11"
"BJHR71DT_2021-08-11.RDS","BJHR71DT.DTA","2017","2021-08-11"
"BJIR71DT_2021-08-11.RDS","BJIR71DT.DTA","2017","2021-08-11"
"BJHR61DT_2021-08-11.RDS","BJHR61DT.DTA","2012","2021-08-11"
"BJIR61DT_2021-08-11.RDS","BJIR61DT.DTA","2012","2021-08-11"
"BJHR41DT_2021-08-10.RDS","BJHR41DT.DTA","2001","2021-08-11"
"BJIR41DT_2021-08-10.RDS","BJIR41DT.DTA","2001","2021-08-10"
"BJHR31DT_2021-08-10.RDS","BJHR31DT.DTA","1996","2021-08-10"
"BJIR31DT_2021-08-10.RDS","BJIR31DT.DTA","1996","2021-08-10"
"BOHR51DT_2021-08-10.RDS","BOHR51DT.DTA","2008","2021-08-10"
"BOIR51DT_2021-08-10.RDS","BOIR51DT.DTA","2008","2021-08-10"
"BFHR7ADT_2021-08-10.RDS","BFHR7ADT.DTA","2017","2021-08-10"
"BFIR7ADT_2021-08-10.RDS","BFIR7ADT.DTA","2017","2021-08-10"
"BFHR71DT_2021-08-10.RDS","BFHR71DT.DTA","2014","2021-08-10"
"BFIR71DT_2021-08-10.RDS","BFIR71DT.DTA","2014","2021-08-10"
"BFHR62DT_2021-08-10.RDS","BFHR62DT.DTA","2010","2021-08-10"
"BFIR62DT_2021-08-10.RDS","BFIR62DT.DTA","2010","2021-08-10"
"BFHR43DT_2021-08-10.RDS","BFHR43DT.DTA","2003","2021-08-10"
"BFIR43DT_2021-08-10.RDS","BFIR43DT.DTA","2003","2021-08-10"
"BFHR31DT_2021-08-10.RDS","BFHR31DT.DTA","1999","2021-08-10"
"BFIR31DT_2021-08-10.RDS","BFIR31DT.DTA","1999","2021-08-10"
"BUHR71DT_2021-08-10.RDS","BUHR71DT.DTA","2016","2021-08-10"
"BUIR71DT_2021-08-10.RDS","BUIR71DT.DTA","2016","2021-08-10"
"BUHR6ADT_2021-08-10.RDS","BUHR6ADT.DTA","2012","2021-08-10"
"BUIR6ADT_2021-08-10.RDS","BUIR6ADT.DTA","2012","2021-08-10"
"BUHR61DT_2021-08-10.RDS","BUHR61DT.DTA","2010","2021-08-10"
"BUIR61DT_2021-08-10.RDS","BUIR61DT.DTA","2010","2021-08-10"
"KHHR73DT_2021-08-10.RDS","KHHR73DT.DTA","2014","2021-08-10"
"KHIR73DT_2021-08-10.RDS","KHIR73DT.DTA","2014","2021-08-10"
"KHHR61DT_2021-08-10.RDS","KHHR61DT.DTA","2010","2021-08-10"
"KHIR61DT_2021-08-10.RDS","KHIR61DT.DTA","2010","2021-08-10"
"KHHR51DT_2021-08-10.RDS","KHHR51DT.DTA","2005","2021-08-10"
"KHIR51DT_2021-08-10.RDS","KHIR51DT.DTA","2005","2021-08-10"
"KHHR42DT_2021-08-10.RDS","KHHR42DT.DTA","2000","2021-08-10"
"KHIR42DT_2021-08-10.RDS","KHIR42DT.DTA","2000","2021-08-10"
"CMHR71DT_2021-08-10.RDS","CMHR71DT.DTA","2018","2021-08-10"
"CMIR71DT_2021-08-10.RDS","CMIR71DT.DTA","2018","2021-08-10"
"CMHR61DT_2021-08-10.RDS","CMHR61DT.DTA","2011","2021-08-10"
"CMIR61DT_2021-08-10.RDS","CMIR61DT.DTA","2011","2021-08-10"
"CMHR44DT_2021-08-10.RDS","CMHR44DT.DTA","2004","2021-08-10"
"CMIR44DT_2021-08-10.RDS","CMIR44DT.DTA","2004","2021-08-10"
"TDHR71DT_2021-08-10.RDS","TDHR71DT.DTA","2014","2021-08-10"
"TDIR71DT_2021-08-10.RDS","TDIR71DT.DTA","2014","2021-08-10"
"COHR61DT_2021-08-10.RDS","COHR61DT.DTA","2010","2021-08-10"
"COIR61DT_2021-08-10.RDS","COIR61DT.DTA","2010","2021-08-10"
"KMHR61DT_2021-08-10.RDS","KMHR61DT.DTA","2012","2021-08-10"
"KMIR61DT_2021-08-10.RDS","KMIR61DT.DTA","2012","2021-08-10"
"CDHR61DT_2021-08-10.RDS","CDHR61DT.DTA","2013","2021-08-10"
"CDIR61DT_2021-08-10.RDS","CDIR61DT.DTA","2013","2021-08-10"
"CDHR51DT_2021-08-10.RDS","CDHR51DT.DTA","2007","2021-08-10"
"CDIR51DT_2021-08-10.RDS","CDIR51DT.DTA","2007","2021-08-10"
"CIHR62DT_2021-08-10.RDS","CIHR62DT.DTA","2012","2021-08-10"
"CIIR62DT_2021-08-10.RDS","CIIR62DT.DTA","2012","2021-08-10"
"CIHR3ADT_2021-08-10.RDS","CIHR3ADT.DTA","1998","2021-08-10"
"CIIR3ADT_2021-08-10.RDS","CIIR3ADT.DTA","1998","2021-08-10"
"DRHR61DT_2021-08-10.RDS","DRHR61DT.DTA","2013","2021-08-10"
"DRIR61DT_2021-08-10.RDS","DRIR61DT.DTA","2013","2021-08-10"
"DRHR6ADT_2021-08-10.RDS","DRHR6ADT.DTA","2013","2021-08-10"
"DRIR6ADT_2021-08-10.RDS","DRIR6ADT.DTA","2013","2021-08-10"
"DRHR52DT_2021-08-10.RDS","DRHR52DT.DTA","2007","2021-08-10"
"DRIR52DT_2021-08-10.RDS","DRIR52DT.DTA","2007","2021-08-10"
"DRHR5ADT_2021-08-10.RDS","DRHR5ADT.DTA","2007","2021-08-10"
"DRIR5ADT_2021-08-10.RDS","DRIR5ADT.DTA","2007","2021-08-10"
"EGHR61DT_2021-08-10.RDS","EGHR61DT.DTA","2014","2021-08-10"
"EGIR61DT_2021-08-10.RDS","EGIR61DT.DTA","2014","2021-08-10"
"EGHR5ADT_2021-08-10.RDS","EGHR5ADT.DTA","2008","2021-08-10"
"EGIR5ADT_2021-08-10.RDS","EGIR5ADT.DTA","2008","2021-08-10"
"EGHR51DT_2021-08-10.RDS","EGHR51DT.DTA","2005","2021-08-10"
"EGIR51DT_2021-08-10.RDS","EGIR51DT.DTA","2005","2021-08-10"
"EGHR4ADT_2021-08-10.RDS","EGHR4ADT.DTA","2003","2021-08-10"
"EGIR4ADT_2021-08-10.RDS","EGIR4ADT.DTA","2003","2021-08-10"
"EGHR42DT_2021-08-10.RDS","EGHR42DT.DTA","2000","2021-08-10"
"EGIR42DT_2021-08-10.RDS","EGIR42DT.DTA","2000","2021-08-10"
"SZHR51DT_2021-08-10.RDS","SZHR51DT.DTA","2006","2021-08-10"
"SZIR51DT_2021-08-10.RDS","SZIR51DT.DTA","2006","2021-08-10"
"ETHR81DT_2021-08-10.RDS","ETHR81DT.DTA","2019","2021-08-10"
"ETIR81DT_2021-08-10.RDS","ETIR81DT.DTA","2019","2021-08-10"
"ETHR71DT_2021-08-10.RDS","ETHR71DT.DTA","2016","2021-08-10"
"ETIR71DT_2021-08-10.RDS","ETIR71DT.DTA","2016","2021-08-10"
"ETHR61DT_2021-08-10.RDS","ETHR61DT.DTA","2011","2021-08-10"
"ETIR61DT_2021-08-10.RDS","ETIR61DT.DTA","2011","2021-08-10"
"ETHR51DT_2021-08-10.RDS","ETHR51DT.DTA","2005","2021-08-10"
"ETIR51DT_2021-08-10.RDS","ETIR51DT.DTA","2005","2021-08-10"
"ETHR41DT_2021-08-10.RDS","ETHR41DT.DTA","2000","2021-08-10"
"ETIR41DT_2021-08-10.RDS","ETIR41DT.DTA","2000","2021-08-10"
"GAHR61DT_2021-08-10.RDS","GAHR61DT.DTA","2012","2021-08-10"
"GAIR61DT_2021-08-10.RDS","GAIR61DT.DTA","2012","2021-08-10"
"GHHR82DT_2021-08-10.RDS","GHHR82DT.DTA","2019","2021-08-10"
"GHIR82DT_2021-08-10.RDS","GHIR82DT.DTA","2019","2021-08-10"
"GHHR7BDT_2021-08-10.RDS","GHHR7BDT.DTA","2016","2021-08-10"
"GHIR7BDT_2021-08-10.RDS","GHIR7BDT.DTA","2016","2021-08-10"
"GHHR72DT_2021-08-10.RDS","GHHR72DT.DTA","2014","2021-08-10"
"GHIR72DT_2021-08-10.RDS","GHIR72DT.DTA","2014","2021-08-10"
"GHHR5ADT_2021-08-10.RDS","GHHR5ADT.DTA","2008","2021-08-10"
"GHIR5ADT_2021-08-10.RDS","GHIR5ADT.DTA","2008","2021-08-10"
"GHHR4BDT_2021-08-10.RDS","GHHR4BDT.DTA","2003","2021-08-10"
"GHIR4BDT_2021-08-10.RDS","GHIR4BDT.DTA","2003","2021-08-10"
"GHHR41DT_2021-08-10.RDS","GHHR41DT.DTA","1998","2021-08-10"
"GHIR41DT_2021-08-10.RDS","GHIR41DT.DTA","1998","2021-08-10"
"GUHR71DT_2021-08-10.RDS","GUHR71DT.DTA","2015","2021-08-10"
"GUIR71DT_2021-08-10.RDS","GUIR71DT.DTA","2015","2021-08-10"
"GNHR71DT_2021-08-10.RDS","GNHR71DT.DTA","2018","2021-08-10"
"GNIR71DT_2021-08-10.RDS","GNIR71DT.DTA","2018","2021-08-10"
"GNHR62DT_2021-08-10.RDS","GNHR62DT.DTA","2012","2021-08-10"
"GNIR62DT_2021-08-10.RDS","GNIR62DT.DTA","2012","2021-08-10"
"GNHR52DT_2021-08-10.RDS","GNHR52DT.DTA","2005","2021-08-10"
"GNIR52DT_2021-08-10.RDS","GNIR52DT.DTA","2005","2021-08-10"
"GNHR41DT_2021-08-10.RDS","GNHR41DT.DTA","1999","2021-08-10"
"GNIR41DT_2021-08-10.RDS","GNIR41DT.DTA","1999","2021-08-10"
"GYHR5IDT_2021-08-10.RDS","GYHR5IDT.DTA","2009","2021-08-10"
"GYIR5IDT_2021-08-10.RDS","GYIR5IDT.DTA","2009","2021-08-10"
"HTHR71DT_2021-08-10.RDS","HTHR71DT.DTA","2016","2021-08-10"
"HTIR71DT_2021-08-10.RDS","HTIR71DT.DTA","2016","2021-08-10"
"HTHR61DT_2021-08-10.RDS","HTHR61DT.DTA","2012","2021-08-10"
"HTIR61DT_2021-08-10.RDS","HTIR61DT.DTA","2012","2021-08-10"
"HTHR52DT_2021-08-10.RDS","HTHR52DT.DTA","2006","2021-08-10"
"HTIR52DT_2021-08-10.RDS","HTIR52DT.DTA","2006","2021-08-10"
"HTHR42DT_2021-08-10.RDS","HTHR42DT.DTA","2000","2021-08-10"
"HTIR42DT_2021-08-10.RDS","HTIR42DT.DTA","2000","2021-08-10"
"HNHR62DT_2021-08-10.RDS","HNHR62DT.DTA","2011","2021-08-10"
"HNIR62DT_2021-08-10.RDS","HNIR62DT.DTA","2011","2021-08-10"
"IAHR74DT_2021-08-10.RDS","IAHR74DT.DTA","2015","2021-08-10"
"IAIR74DT_2021-08-10.RDS","IAIR74DT.DTA","2015","2021-08-10"
"IDHR42DT_2021-08-10.RDS","IDHR42DT.DTA","2003","2021-08-10"
"IDIR42DT_2021-08-10.RDS","IDIR42DT.DTA","2003","2021-08-10"
"JOHR73DT_2021-08-10.RDS","JOHR73DT.DTA","2017","2021-08-10"
"JOIR73DT_2021-08-10.RDS","JOIR73DT.DTA","2017","2021-08-10"
"JOHR6CDT_2021-08-10.RDS","JOHR6CDT.DTA","2012","2021-08-10"
"JOIR6CDT_2021-08-10.RDS","JOIR6CDT.DTA","2012","2021-08-10"
"JOHR51DT_2021-08-10.RDS","JOHR51DT.DTA","2007","2021-08-10"
"JOIR51DT_2021-08-10.RDS","JOIR51DT.DTA","2007","2021-08-10"
"JOHR42DT_2021-08-10.RDS","JOHR42DT.DTA","2002","2021-08-10"
"JOIR42DT_2021-08-10.RDS","JOIR42DT.DTA","2002","2021-08-10"
"KEHR7ADT_2021-08-10.RDS","KEHR7ADT.DTA","2015","2021-08-10"
"KEIR7ADT_2021-08-10.RDS","KEIR7ADT.DTA","2015","2021-08-10"
"KEHR72DT_2021-08-10.RDS","KEHR72DT.DTA","2014","2021-08-10"
"KEIR72DT_2021-08-10.RDS","KEIR72DT.DTA","2014","2021-08-10"
"KEHR52DT_2021-08-10.RDS","KEHR52DT.DTA","2008","2021-08-10"
"KEIR52DT_2021-08-10.RDS","KEIR52DT.DTA","2008","2021-08-10"
"KYHR61DT_2021-08-10.RDS","KYHR61DT.DTA","2012","2021-08-10"
"KYIR61DT_2021-08-10.RDS","KYIR61DT.DTA","2012","2021-08-10"
"LSHR71DT_2021-08-10.RDS","LSHR71DT.DTA","2014","2021-08-10"
"LSIR71DT_2021-08-10.RDS","LSIR71DT.DTA","2014","2021-08-10"
"LSHR61DT_2021-08-10.RDS","LSHR61DT.DTA","2009","2021-08-10"
"LSIR61DT_2021-08-10.RDS","LSIR61DT.DTA","2009","2021-08-10"
"LSHR41DT_2021-08-10.RDS","LSHR41DT.DTA","2004","2021-08-10"
"LSIR41DT_2021-08-10.RDS","LSIR41DT.DTA","2004","2021-08-10"
"LBHR7ADT_2021-08-10.RDS","LBHR7ADT.DTA","2019","2021-08-10"
"LBIR7ADT_2021-08-10.RDS","LBIR7ADT.DTA","2019","2021-08-10"
"LBHR71DT_2021-08-10.RDS","LBHR71DT.DTA","2016","2021-08-10"
"LBIR71DT_2021-08-10.RDS","LBIR71DT.DTA","2016","2021-08-10"
"LBHR6ADT_2021-08-10.RDS","LBHR6ADT.DTA","2013","2021-08-10"
"LBIR6ADT_2021-08-10.RDS","LBIR6ADT.DTA","2013","2021-08-10"
"LBHR61DT_2021-08-10.RDS","LBHR61DT.DTA","2011","2021-08-10"
"LBIR61DT_2021-08-10.RDS","LBIR61DT.DTA","2011","2021-08-10"
"LBHR5ADT_2021-08-10.RDS","LBHR5ADT.DTA","2009","2021-08-10"
"LBIR5ADT_2021-08-10.RDS","LBIR5ADT.DTA","2009","2021-08-10"
"LBHR51DT_2021-08-10.RDS","LBHR51DT.DTA","2007","2021-08-10"
"LBIR51DT_2021-08-10.RDS","LBIR51DT.DTA","2007","2021-08-10"
"MDHR71DT_2021-08-10.RDS","MDHR71DT.DTA","2016","2021-08-10"
"MDIR71DT_2021-08-10.RDS","MDIR71DT.DTA","2016","2021-08-10"
"MDHR6ADT_2021-08-10.RDS","MDHR6ADT.DTA","2013","2021-08-10"
"MDIR6ADT_2021-08-10.RDS","MDIR6ADT.DTA","2013","2021-08-10"
"MDHR61DT_2021-08-10.RDS","MDHR61DT.DTA","2011","2021-08-10"
"MDIR61DT_2021-08-10.RDS","MDIR61DT.DTA","2011","2021-08-10"
"MDHR51DT_2021-08-10.RDS","MDHR51DT.DTA","2008","2021-08-10"
"MDIR51DT_2021-08-10.RDS","MDIR51DT.DTA","2008","2021-08-10"
"MDHR31DT_2021-08-10.RDS","MDHR31DT.DTA","1997","2021-08-10"
"MDIR31DT_2021-08-10.RDS","MDIR31DT.DTA","1997","2021-08-10"
"MWHR7IDT_2021-08-10.RDS","MWHR7IDT.DTA","2017","2021-08-10"
"MWIR7IDT_2021-08-10.RDS","MWIR7IDT.DTA","2017","2021-08-10"
"MWHR7ADT_2021-08-10.RDS","MWHR7ADT.DTA","2015","2021-08-10"
"MWIR7ADT_2021-08-10.RDS","MWIR7ADT.DTA","2015","2021-08-10"
"MWHR72DT_2021-08-10.RDS","MWHR72DT.DTA","2014","2021-08-10"
"MWIR72DT_2021-08-10.RDS","MWIR72DT.DTA","2014","2021-08-10"
"MWHR6ADT_2021-08-10.RDS","MWHR6ADT.DTA","2012","2021-08-10"
"MWIR6ADT_2021-08-10.RDS","MWIR6ADT.DTA","2012","2021-08-10"
"MWHR61DT_2021-08-10.RDS","MWHR61DT.DTA","2010","2021-08-10"
"MWIR61DT_2021-08-10.RDS","MWIR61DT.DTA","2010","2021-08-10"
"MWHR4EDT_2021-08-10.RDS","MWHR4EDT.DTA","2004","2021-08-10"
"MWIR4EDT_2021-08-10.RDS","MWIR4EDT.DTA","2004","2021-08-10"
"MWHR41DT_2021-08-10.RDS","MWHR41DT.DTA","2000","2021-08-10"
"MWIR41DT_2021-08-10.RDS","MWIR41DT.DTA","2000","2021-08-10"
"MLHR7ADT_2021-08-10.RDS","MLHR7ADT.DTA","2018","2021-08-10"
"MLIR7ADT_2021-08-10.RDS","MLIR7ADT.DTA","2018","2021-08-10"
"MLHR72DT_2021-08-10.RDS","MLHR72DT.DTA","2015","2021-08-10"
"MLIR72DT_2021-08-10.RDS","MLIR72DT.DTA","2015","2021-08-10"
"MLHR6ADT_2021-08-10.RDS","MLHR6ADT.DTA","2012","2021-08-10"
"MLIR6ADT_2021-08-10.RDS","MLIR6ADT.DTA","2012","2021-08-10"
"MLHR53DT_2021-08-10.RDS","MLHR53DT.DTA","2006","2021-08-10"
"MLIR53DT_2021-08-10.RDS","MLIR53DT.DTA","2006","2021-08-10"
"MLHR41DT_2021-08-10.RDS","MLHR41DT.DTA","2001","2021-08-10"
"MLIR41DT_2021-08-10.RDS","MLIR41DT.DTA","2001","2021-08-10"
"MLHR32DT_2021-08-10.RDS","MLHR32DT.DTA","1996","2021-08-10"
"MLIR32DT_2021-08-10.RDS","MLIR32DT.DTA","1996","2021-08-10"
"MBHR53DT_2021-08-10.RDS","MBHR53DT.DTA","2005","2021-08-10"
"MBIR53DT_2021-08-10.RDS","MBIR53DT.DTA","2005","2021-08-10"
"MAHR43DT_2021-08-10.RDS","MAHR43DT.DTA","2003","2021-08-10"
"MAIR43DT_2021-08-10.RDS","MAIR43DT.DTA","2003","2021-08-10"
"MZHR7ADT_2021-08-10.RDS","MZHR7ADT.DTA","2018","2021-08-10"
"MZIR7ADT_2021-08-10.RDS","MZIR7ADT.DTA","2018","2021-08-10"
"MZHR71DT_2021-08-10.RDS","MZHR71DT.DTA","2015","2021-08-10"
"MZIR71DT_2021-08-10.RDS","MZIR71DT.DTA","2015","2021-08-10"
"MZHR62DT_2021-08-10.RDS","MZHR62DT.DTA","2011","2021-08-10"
"MZIR62DT_2021-08-10.RDS","MZIR62DT.DTA","2011","2021-08-10"
"MZHR51DT_2021-08-10.RDS","MZHR51DT.DTA","2009","2021-08-10"
"MZIR51DT_2021-08-10.RDS","MZIR51DT.DTA","2009","2021-08-10"
"MMHR71DT_2021-08-10.RDS","MMHR71DT.DTA","2016","2021-08-10"
"MMIR71DT_2021-08-10.RDS","MMIR71DT.DTA","2016","2021-08-10"
"NMHR61DT_2021-08-10.RDS","NMHR61DT.DTA","2013","2021-08-10"
"NMIR61DT_2021-08-10.RDS","NMIR61DT.DTA","2013","2021-08-10"
"NMHR51DT_2021-08-10.RDS","NMHR51DT.DTA","2006","2021-08-10"
"NMIR51DT_2021-08-10.RDS","NMIR51DT.DTA","2006","2021-08-10"
"NMHR41DT_2021-08-10.RDS","NMHR41DT.DTA","2000","2021-08-10"
"NMIR41DT_2021-08-10.RDS","NMIR41DT.DTA","2000","2021-08-10"
"NPHR7HDT_2021-08-10.RDS","NPHR7HDT.DTA","2016","2021-08-10"
"NPIR7HDT_2021-08-10.RDS","NPIR7HDT.DTA","2016","2021-08-10"
"NPHR61DT_2021-08-10.RDS","NPHR61DT.DTA","2011","2021-08-10"
"NPIR61DT_2021-08-10.RDS","NPIR61DT.DTA","2011","2021-08-10"
"NPHR51DT_2021-08-10.RDS","NPHR51DT.DTA","2006","2021-08-10"
"NPIR51DT_2021-08-10.RDS","NPIR51DT.DTA","2006","2021-08-10"
"NPHR41DT_2021-08-10.RDS","NPHR41DT.DTA","2001","2021-08-10"
"NPIR41DT_2021-08-10.RDS","NPIR41DT.DTA","2001","2021-08-10"
"NIHR31DT_2021-08-10.RDS","NIHR31DT.DTA","1998","2021-08-10"
"NIIR31DT_2021-08-10.RDS","NIIR31DT.DTA","1998","2021-08-10"
"NGHR7BDT_2021-08-10.RDS","NGHR7BDT.DTA","2018","2021-08-10"
"NGIR7BDT_2021-08-10.RDS","NGIR7BDT.DTA","2018","2021-08-10"
"NGHR71DT_2021-08-10.RDS","NGHR71DT.DTA","2015","2021-08-10"
"NGIR71DT_2021-08-10.RDS","NGIR71DT.DTA","2015","2021-08-10"
"NGHR6ADT_2021-08-10.RDS","NGHR6ADT.DTA","2013","2021-08-10"
"NGIR6ADT_2021-08-10.RDS","NGIR6ADT.DTA","2013","2021-08-10"
"NGHR61DT_2021-08-10.RDS","NGHR61DT.DTA","2010","2021-08-10"
"NGIR61DT_2021-08-10.RDS","NGIR61DT.DTA","2010","2021-08-10"
"NGHR53DT_2021-08-10.RDS","NGHR53DT.DTA","2008","2021-08-10"
"NGIR53DT_2021-08-10.RDS","NGIR53DT.DTA","2008","2021-08-10"
"NGHR4BDT_2021-08-10.RDS","NGHR4BDT.DTA","2003","2021-08-10"
"NGIR4BDT_2021-08-10.RDS","NGIR4BDT.DTA","2003","2021-08-10"
"PKHR71DT_2021-08-10.RDS","PKHR71DT.DTA","2017","2021-08-10"
"PKIR71DT_2021-08-10.RDS","PKIR71DT.DTA","2017","2021-08-10"
"PKHR52DT_2021-08-10.RDS","PKHR52DT.DTA","2006","2021-08-10"
"PKIR52DT_2021-08-10.RDS","PKIR52DT.DTA","2006","2021-08-10"
"PEHR5IDT_2021-08-10.RDS","PEHR5IDT.DTA","2009","2021-08-10"
"PEIR5IDT_2021-08-10.RDS","PEIR5IDT.DTA","2009","2021-08-10"
"PEHR5ADT_2021-08-10.RDS","PEHR5ADT.DTA","2007","2021-08-10"
"PEIR5ADT_2021-08-10.RDS","PEIR5ADT.DTA","2007","2021-08-10"
"PEHR51DT_2021-08-10.RDS","PEHR51DT.DTA","2004","2021-08-10"
"PEIR51DT_2021-08-10.RDS","PEIR51DT.DTA","2004","2021-08-10"
"PEHR41DT_2021-08-10.RDS","PEHR41DT.DTA","2000","2021-08-10"
"PEIR41DT_2021-08-10.RDS","PEIR41DT.DTA","2000","2021-08-10"
"PHHR71DT_2021-08-10.RDS","PHHR71DT.DTA","2017","2021-08-10"
"PHIR71DT_2021-08-10.RDS","PHIR71DT.DTA","2017","2021-08-10"
"PHHR52DT_2021-08-10.RDS","PHHR52DT.DTA","2008","2021-08-10"
"PHIR52DT_2021-08-10.RDS","PHIR52DT.DTA","2008","2021-08-10"
"PHHR41DT_2021-08-10.RDS","PHHR41DT.DTA","2003","2021-08-10"
"PHIR41DT_2021-08-10.RDS","PHIR41DT.DTA","2003","2021-08-10"
"RWHR70DT_2021-08-10.RDS","RWHR70DT.DTA","2015","2021-08-10"
"RWIR70DT_2021-08-10.RDS","RWIR70DT.DTA","2015","2021-08-10"
"RWHR61DT_2021-08-10.RDS","RWHR61DT.DTA","2010","2021-08-10"
"RWIR61DT_2021-08-10.RDS","RWIR61DT.DTA","2010","2021-08-10"
"RWHR5ADT_2021-08-10.RDS","RWHR5ADT.DTA","2008","2021-08-10"
"RWIR5ADT_2021-08-10.RDS","RWIR5ADT.DTA","2008","2021-08-10"
"RWHR53DT_2021-08-10.RDS","RWHR53DT.DTA","2005","2021-08-10"
"RWIR53DT_2021-08-10.RDS","RWIR53DT.DTA","2005","2021-08-10"
"SNHR81DT_2021-08-10.RDS","SNHR81DT.DTA","2018","2021-08-10"
"SNIR81DT_2021-08-10.RDS","SNIR81DT.DTA","2018","2021-08-10"
"SNHR7ZDT_2021-08-10.RDS","SNHR7ZDT.DTA","2017","2021-08-10"
"SNIR7ZDT_2021-08-10.RDS","SNIR7ZDT.DTA","2017","2021-08-10"
"SNHR7HDT_2021-08-10.RDS","SNHR7HDT.DTA","2015","2021-08-10"
"SNIR7HDT_2021-08-10.RDS","SNIR7HDT.DTA","2015","2021-08-10"
"SNHR6DDT_2021-08-10.RDS","SNHR6DDT.DTA","2012","2021-08-10"
"SNIR6DDT_2021-08-10.RDS","SNIR6DDT.DTA","2012","2021-08-10"
"SNHR61DT_2021-08-10.RDS","SNHR61DT.DTA","2010","2021-08-10"
"SNIR61DT_2021-08-10.RDS","SNIR61DT.DTA","2010","2021-08-10"
"SNHR5ADT_2021-08-10.RDS","SNHR5ADT.DTA","2008","2021-08-10"
"SNIR5ADT_2021-08-10.RDS","SNIR5ADT.DTA","2008","2021-08-10"
"SNHR4ADT_2021-08-10.RDS","SNHR4ADT.DTA","2005","2021-08-10"
"SNIR4ADT_2021-08-10.RDS","SNIR4ADT.DTA","2005","2021-08-10"
"SNHR32DT_2021-08-10.RDS","SNHR32DT.DTA","1997","2021-08-10"
"SNIR32DT_2021-08-10.RDS","SNIR32DT.DTA","1997","2021-08-10"
"SLHR7ADT_2021-08-10.RDS","SLHR7ADT.DTA","2019","2021-08-10"
"SLIR7ADT_2021-08-10.RDS","SLIR7ADT.DTA","2019","2021-08-10"
"SLHR72DT_2021-08-10.RDS","SLHR72DT.DTA","2016","2021-08-10"
"SLIR72DT_2021-08-10.RDS","SLIR72DT.DTA","2016","2021-08-10"
"SLHR61DT_2021-08-10.RDS","SLHR61DT.DTA","2013","2021-08-10"
"SLIR61DT_2021-08-10.RDS","SLIR61DT.DTA","2013","2021-08-10"
"SLHR51DT_2021-08-10.RDS","SLHR51DT.DTA","2008","2021-08-10"
"SLIR51DT_2021-08-10.RDS","SLIR51DT.DTA","2008","2021-08-10"
"TJHR71DT_2021-08-10.RDS","TJHR71DT.DTA","2017","2021-08-10"
"TJIR71DT_2021-08-10.RDS","TJIR71DT.DTA","2017","2021-08-10"
"TJHR61DT_2021-08-10.RDS","TJHR61DT.DTA","2012","2021-08-10"
"TJIR61DT_2021-08-10.RDS","TJIR61DT.DTA","2012","2021-08-10"
"TZHR7IDT_2021-08-10.RDS","TZHR7IDT.DTA","2017","2021-08-10"
"TZIR7IDT_2021-08-10.RDS","TZIR7IDT.DTA","2017","2021-08-10"
"TZHR7BDT_2021-08-10.RDS","TZHR7BDT.DTA","2015","2021-08-10"
"TZIR7BDT_2021-08-10.RDS","TZIR7BDT.DTA","2015","2021-08-10"
"TZHR6ADT_2021-08-10.RDS","TZHR6ADT.DTA","2012","2021-08-10"
"TZIR6ADT_2021-08-10.RDS","TZIR6ADT.DTA","2012","2021-08-10"
"TZHR63DT_2021-08-10.RDS","TZHR63DT.DTA","2010","2021-08-10"
"TZIR63DT_2021-08-10.RDS","TZIR63DT.DTA","2010","2021-08-10"
"TZHR51DT_2021-08-10.RDS","TZHR51DT.DTA","2007","2021-08-10"
"TZIR51DT_2021-08-10.RDS","TZIR51DT.DTA","2007","2021-08-10"
"TZHR4ADT_2021-08-10.RDS","TZHR4ADT.DTA","2003","2021-08-10"
"TZIR4ADT_2021-08-10.RDS","TZIR4ADT.DTA","2003","2021-08-10"
"TZHR41DT_2021-08-10.RDS","TZHR41DT.DTA","1999","2021-08-10"
"TZIR41DT_2021-08-10.RDS","TZIR41DT.DTA","1999","2021-08-10"
"TGHR71DT_2021-08-10.RDS","TGHR71DT.DTA","2017","2021-08-10"
"TGIR71DT_2021-08-10.RDS","TGIR71DT.DTA","2017","2021-08-10"
"TGHR61DT_2021-08-10.RDS","TGHR61DT.DTA","2013","2021-08-10"
"TGIR61DT_2021-08-10.RDS","TGIR61DT.DTA","2013","2021-08-10"
"TGHR31DT_2021-08-10.RDS","TGHR31DT.DTA","1998","2021-08-10"
"TGIR31DT_2021-08-10.RDS","TGIR31DT.DTA","1998","2021-08-10"
"UGHR7IDT_2021-08-10.RDS","UGHR7IDT.DTA","2018","2021-08-10"
"UGIR7IDT_2021-08-10.RDS","UGIR7IDT.DTA","2018","2021-08-10"
"UGHR7BDT_2021-08-10.RDS","UGHR7BDT.DTA","2016","2021-08-10"
"UGIR7BDT_2021-08-10.RDS","UGIR7BDT.DTA","2016","2021-08-10"
"UGHR72DT_2021-08-10.RDS","UGHR72DT.DTA","2014","2021-08-10"
"UGIR72DT_2021-08-10.RDS","UGIR72DT.DTA","2014","2021-08-10"
"UGHR6ADT_2021-08-10.RDS","UGHR6ADT.DTA","2011","2021-08-10"
"UGIR6ADT_2021-08-10.RDS","UGIR6ADT.DTA","2011","2021-08-10"
"UGHR61DT_2021-08-10.RDS","UGHR61DT.DTA","2011","2021-08-10"
"UGIR61DT_2021-08-10.RDS","UGIR61DT.DTA","2011","2021-08-10"
"UGHR5ADT_2021-08-10.RDS","UGHR5ADT.DTA","2009","2021-08-10"
"UGIR5ADT_2021-08-10.RDS","UGIR5ADT.DTA","2009","2021-08-10"
"UGHR52DT_2021-08-10.RDS","UGHR52DT.DTA","2006","2021-08-10"
"UGIR52DT_2021-08-10.RDS","UGIR52DT.DTA","2006","2021-08-10"
"UGHR41DT_2021-08-10.RDS","UGHR41DT.DTA","2000","2021-08-10"
"UGIR41DT_2021-08-10.RDS","UGIR41DT.DTA","2000","2021-08-10"
"ZMHR71DT_2021-08-10.RDS","ZMHR71DT.DTA","2018","2021-08-10"
"ZMIR71DT_2021-08-10.RDS","ZMIR71DT.DTA","2018","2021-08-10"
"ZMHR61DT_2021-08-10.RDS","ZMHR61DT.DTA","2013","2021-08-10"
"ZMIR61DT_2021-08-10.RDS","ZMIR61DT.DTA","2013","2021-08-10"
"ZMHR51DT_2021-08-10.RDS","ZMHR51DT.DTA","2007","2021-08-10"
"ZMIR51DT_2021-08-10.RDS","ZMIR51DT.DTA","2007","2021-08-10"
"ZWHR72DT_2021-08-10.RDS","ZWHR72DT.DTA","2015","2021-08-10"
"ZWIR72DT_2021-08-10.RDS","ZWIR72DT.DTA","2015","2021-08-10"
"ZWHR62DT_2021-08-10.RDS","ZWHR62DT.DTA","2010","2021-08-10"
"ZWIR62DT_2021-08-10.RDS","ZWIR62DT.DTA","2010","2021-08-10"
"ZWHR52DT_2021-08-10.RDS","ZWHR52DT.DTA","2005","2021-08-10"
"ZWIR52DT_2021-08-10.RDS","ZWIR52DT.DTA","2005","2021-08-10"
"ZWHR42DT_2021-08-10.RDS","ZWHR42DT.DTA","1999","2021-08-10"
"ZWIR42DT_2021-08-10.RDS","ZWIR42DT.DTA","1999","2021-08-10"
"ZWGE72FL_2021-08-10.RDS","ZWGE72FL.DBF","2015","2021-08-10"
"ZWGE61FL_2021-08-10.RDS","ZWGE61FL.DBF","2010","2021-08-10"
"ZWGE52FL_2021-08-10.RDS","ZWGE52FL.DBF","2005","2021-08-10"
"ZWGE42FL_2021-08-10.RDS","ZWGE42FL.DBF","1999","2021-08-10"
"ZMGE71FL_2021-08-10.RDS","ZMGE71FL.DBF","2018","2021-08-10"
"ZMGE61FL_2021-08-10.RDS","ZMGE61FL.DBF","2013","2021-08-10"
"ZMGE52FL_2021-08-10.RDS","ZMGE52FL.DBF","2007","2021-08-10"
"UGGE7IFL_2021-08-10.RDS","UGGE7IFL.DBF","2018","2021-08-10"
"UGGE7AFL_2021-08-10.RDS","UGGE7AFL.DBF","2016","2021-08-10"
"UGGE71FL_2021-08-10.RDS","UGGE71FL.DBF","2014","2021-08-10"
"UGGE6AFL_2021-08-10.RDS","UGGE6AFL.DBF","2011","2021-08-10"
"UGGE61FL_2021-08-10.RDS","UGGE61FL.DBF","2011","2021-08-10"
"UGGE5AFL_2021-08-10.RDS","UGGE5AFL.DBF","2009","2021-08-10"
"UGGE53FL_2021-08-10.RDS","UGGE53FL.DBF","2006","2021-08-10"
"UGGE43FL_2021-08-10.RDS","UGGE43FL.DBF","2000","2021-08-10"
"TZGE7IFL_2021-08-10.RDS","TZGE7IFL.DBF","2017","2021-08-10"
"TZGE7AFL_2021-08-10.RDS","TZGE7AFL.DBF","2015","2021-08-10"
"TZGE6AFL_2021-08-10.RDS","TZGE6AFL.DBF","2012","2021-08-10"
"TZGE61FL_2021-08-10.RDS","TZGE61FL.DBF","2010","2021-08-10"
"TZGE52FL_2021-08-10.RDS","TZGE52FL.DBF","2007","2021-08-10"
"TZGE4CFL_2021-08-10.RDS","TZGE4CFL.DBF","2003","2021-08-10"
"TZGE43FL_2021-08-10.RDS","TZGE43FL.DBF","1999","2021-08-10"
"TJGE71FL_2021-08-10.RDS","TJGE71FL.DBF","2017","2021-08-10"
"TJGE61FL_2021-08-10.RDS","TJGE61FL.DBF","2012","2021-08-10"
"TGGE71FL_2021-08-10.RDS","TGGE71FL.DBF","2017","2021-08-10"
"TGGE62FL_2021-08-10.RDS","TGGE62FL.DBF","2013","2021-08-10"
"TGGE32FL_2021-08-10.RDS","TGGE32FL.DBF","1998","2021-08-10"
"TDGE71FL_2021-08-10.RDS","TDGE71FL.DBF","2014","2021-08-10"
"SZGE53FL_2021-08-10.RDS","SZGE53FL.DBF","2006","2021-08-10"
"SNGE81FL_2021-08-10.RDS","SNGE81FL.DBF","2018","2021-08-10"
"SNGE7RFL_2021-08-10.RDS","SNGE7RFL.DBF","2017","2021-08-10"
"SNGE7IFL_2021-08-10.RDS","SNGE7IFL.DBF","2016","2021-08-10"
"SNGE7AFL_2021-08-10.RDS","SNGE7AFL.DBF","2015","2021-08-10"
"SNGE6AFL_2021-08-10.RDS","SNGE6AFL.DBF","2012","2021-08-10"
"SNGE61FL_2021-08-10.RDS","SNGE61FL.DBF","2010","2021-08-10"
"SNGE5AFL_2021-08-10.RDS","SNGE5AFL.DBF","2008","2021-08-10"
"SNGE4BFL_2021-08-10.RDS","SNGE4BFL.DBF","2005","2021-08-10"
"SNGE32FL_2021-08-10.RDS","SNGE32FL.DBF","1997","2021-08-10"
"SLGE7AFL_2021-08-10.RDS","SLGE7AFL.DBF","2019","2021-08-10"
"SLGE71FL_2021-08-10.RDS","SLGE71FL.DBF","2016","2021-08-10"
"SLGE61FL_2021-08-10.RDS","SLGE61FL.DBF","2013","2021-08-10"
"SLGE53FL_2021-08-10.RDS","SLGE53FL.DBF","2008","2021-08-10"
"RWGE72FL_2021-08-10.RDS","RWGE72FL.DBF","2015","2021-08-10"
"RWGE61FL_2021-08-10.RDS","RWGE61FL.DBF","2010","2021-08-10"
"RWGE5BFL_2021-08-10.RDS","RWGE5BFL.DBF","2008","2021-08-10"
"RWGE54FL_2021-08-10.RDS","RWGE54FL.DBF","2005","2021-08-10"
"PKGE71FL_2021-08-10.RDS","PKGE71FL.DBF","2017","2021-08-10"
"PKGE51FL_2021-08-10.RDS","PKGE51FL.DBF","2006","2021-08-10"
"PHGE71FL_2021-08-10.RDS","PHGE71FL.DBF","2017","2021-08-10"
"PHGE52FL_2021-08-10.RDS","PHGE52FL.DBF","2008","2021-08-10"
"PHGE43FL_2021-08-10.RDS","PHGE43FL.DBF","2003","2021-08-10"
"PEGE5IFL_2021-08-10.RDS","PEGE5IFL.DBF","2009","2021-08-10"
"PEGE5BFL_2021-08-10.RDS","PEGE5BFL.DBF","2007","2021-08-10"
"PEGE52FL_2021-08-10.RDS","PEGE52FL.DBF","2004","2021-08-10"
"PEGE44FL_2021-08-10.RDS","PEGE44FL.DBF","2000","2021-08-10"
"NPGE7AFL_2021-08-10.RDS","NPGE7AFL.DBF","2016","2021-08-10"
"NPGE61FL_2021-08-10.RDS","NPGE61FL.DBF","2011","2021-08-10"
"NPGE53FL_2021-08-10.RDS","NPGE53FL.DBF","2006","2021-08-10"
"NPGE42FL_2021-08-10.RDS","NPGE42FL.DBF","2001","2021-08-10"
"NMGE61FL_2021-08-10.RDS","NMGE61FL.DBF","2013","2021-08-10"
"NMGE53FL_2021-08-10.RDS","NMGE53FL.DBF","2006","2021-08-10"
"NMGE42FL_2021-08-10.RDS","NMGE42FL.DBF","2000","2021-08-10"
"NIGE32FL_2021-08-10.RDS","NIGE32FL.DBF","1998","2021-08-10"
"NGGE7BFL_2021-08-10.RDS","NGGE7BFL.DBF","2018","2021-08-10"
"NGGE71FL_2021-08-10.RDS","NGGE71FL.DBF","2015","2021-08-10"
"NGGE6AFL_2021-08-10.RDS","NGGE6AFL.DBF","2013","2021-08-10"
"NGGE61FL_2021-08-10.RDS","NGGE61FL.DBF","2010","2021-08-10"
"NGGE52FL_2021-08-10.RDS","NGGE52FL.DBF","2008","2021-08-10"
"NGGE4BFL_2021-08-10.RDS","NGGE4BFL.DBF","2003","2021-08-10"
"MZGE7AFL_2021-08-10.RDS","MZGE7AFL.DBF","2018","2021-08-10"
"MZGE71FL_2021-08-10.RDS","MZGE71FL.DBF","2015","2021-08-10"
"MZGE61FL_2021-08-10.RDS","MZGE61FL.DBF","2011","2021-08-10"
"MZGE52FL_2021-08-10.RDS","MZGE52FL.DBF","2009","2021-08-10"
"MWGE7IFL_2021-08-10.RDS","MWGE7IFL.DBF","2017","2021-08-10"
"MWGE7AFL_2021-08-10.RDS","MWGE7AFL.DBF","2015","2021-08-10"
"MWGE71FL_2021-08-10.RDS","MWGE71FL.DBF","2014","2021-08-10"
"MWGE6AFL_2021-08-10.RDS","MWGE6AFL.DBF","2012","2021-08-10"
"MWGE62FL_2021-08-10.RDS","MWGE62FL.DBF","2010","2021-08-10"
"MWGE4BFL_2021-08-10.RDS","MWGE4BFL.DBF","2004","2021-08-10"
"MWGE43FL_2021-08-10.RDS","MWGE43FL.DBF","2000","2021-08-10"
"MMGE71FL_2021-08-10.RDS","MMGE71FL.DBF","2016","2021-08-10"
"MLGE7AFL_2021-08-10.RDS","MLGE7AFL.DBF","2018","2021-08-10"
"MLGE71FL_2021-08-10.RDS","MLGE71FL.DBF","2015","2021-08-10"
"MLGE6BFL_2021-08-10.RDS","MLGE6BFL.DBF","2012","2021-08-10"
"MLGE52FL_2021-08-10.RDS","MLGE52FL.DBF","2006","2021-08-10"
"MLGE42FL_2021-08-10.RDS","MLGE42FL.DBF","2001","2021-08-10"
"MLGE33FL_2021-08-10.RDS","MLGE33FL.DBF","1996","2021-08-10"
"MDGE71FL_2021-08-10.RDS","MDGE71FL.DBF","2016","2021-08-10"
"MDGE6AFL_2021-08-10.RDS","MDGE6AFL.DBF","2013","2021-08-10"
"MDGE61FL_2021-08-10.RDS","MDGE61FL.DBF","2011","2021-08-10"
"MDGE53FL_2021-08-10.RDS","MDGE53FL.DBF","2008","2021-08-10"
"MDGE32FL_2021-08-10.RDS","MDGE32FL.DBF","1997","2021-08-10"
"MBGE52FL_2021-08-10.RDS","MBGE52FL.DBF","2005","2021-08-10"
"MAGE43FL_2021-08-10.RDS","MAGE43FL.DBF","2003","2021-08-10"
"LSGE71FL_2021-08-10.RDS","LSGE71FL.DBF","2014","2021-08-10"
"LSGE62FL_2021-08-10.RDS","LSGE62FL.DBF","2009","2021-08-10"
"LSGE42FL_2021-08-10.RDS","LSGE42FL.DBF","2004","2021-08-10"
"LBGE7AFL_2021-08-10.RDS","LBGE7AFL.DBF","2019","2021-08-10"
"LBGE71FL_2021-08-10.RDS","LBGE71FL.DBF","2016","2021-08-10"
"LBGE6AFL_2021-08-10.RDS","LBGE6AFL.DBF","2013","2021-08-10"
"LBGE61FL_2021-08-10.RDS","LBGE61FL.DBF","2011","2021-08-10"
"LBGE5CFL_2021-08-10.RDS","LBGE5CFL.DBF","2009","2021-08-10"
"LBGE52FL_2021-08-10.RDS","LBGE52FL.DBF","2007","2021-08-10"
"KYGE61FL_2021-08-10.RDS","KYGE61FL.DBF","2012","2021-08-10"
"KMGE61FL_2021-08-10.RDS","KMGE61FL.DBF","2012","2021-08-10"
"KHGE71FL_2021-08-10.RDS","KHGE71FL.DBF","2014","2021-08-10"
"KHGE62FL_2021-08-10.RDS","KHGE62FL.DBF","2010","2021-08-10"
"KHGE51FL_2021-08-10.RDS","KHGE51FL.DBF","2005","2021-08-10"
"KHGE43FL_2021-08-10.RDS","KHGE43FL.DBF","2000","2021-08-10"
"KEGE7AFL_2021-08-10.RDS","KEGE7AFL.DBF","2015","2021-08-10"
"KEGE71FL_2021-08-10.RDS","KEGE71FL.DBF","2014","2021-08-10"
"KEGE52FL_2021-08-10.RDS","KEGE52FL.DBF","2008","2021-08-10"
"KEGE43FL_2021-08-10.RDS","KEGE43FL.DBF","2003","2021-08-10"
"JOGE71FL_2021-08-10.RDS","JOGE71FL.DBF","2017","2021-08-10"
"JOGE6AFL_2021-08-10.RDS","JOGE6AFL.DBF","2012","2021-08-10"
"JOGE52FL_2021-08-10.RDS","JOGE52FL.DBF","2007","2021-08-10"
"JOGE43FL_2021-08-10.RDS","JOGE43FL.DBF","2002","2021-08-10"
"IDGE43FL_2021-08-10.RDS","IDGE43FL.DBF","2003","2021-08-10"
"IAGE71FL_2021-08-10.RDS","IAGE71FL.DBF","2015","2021-08-10"
"HTGE71FL_2021-08-10.RDS","HTGE71FL.DBF","2016","2021-08-10"
"HTGE61FL_2021-08-10.RDS","HTGE61FL.DBF","2012","2021-08-10"
"HTGE52FL_2021-08-10.RDS","HTGE52FL.DBF","2006","2021-08-10"
"HTGE42FL_2021-08-10.RDS","HTGE42FL.DBF","2000","2021-08-10"
"HNGE61FL_2021-08-10.RDS","HNGE61FL.DBF","2011","2021-08-10"
"GYGE5JFL_2021-08-10.RDS","GYGE5JFL.DBF","2009","2021-08-10"
"GUGE71FL_2021-08-10.RDS","GUGE71FL.DBF","2015","2021-08-10"
"GNGE71FL_2021-08-10.RDS","GNGE71FL.DBF","2018","2021-08-10"
"GNGE61FL_2021-08-10.RDS","GNGE61FL.DBF","2012","2021-08-10"
"GNGE52FL_2021-08-10.RDS","GNGE52FL.DBF","2005","2021-08-10"
"GNGE42FL_2021-08-10.RDS","GNGE42FL.DBF","1999","2021-08-10"
"GHGE81FL_2021-08-10.RDS","GHGE81FL.DBF","2019","2021-08-10"
"GHGE7AFL_2021-08-10.RDS","GHGE7AFL.DBF","2016","2021-08-10"
"GHGE71FL_2021-08-10.RDS","GHGE71FL.DBF","2014","2021-08-10"
"GHGE5AFL_2021-08-10.RDS","GHGE5AFL.DBF","2008","2021-08-10"
"GHGE4BFL_2021-08-10.RDS","GHGE4BFL.DBF","2003","2021-08-10"
"GHGE42FL_2021-08-10.RDS","GHGE42FL.DBF","1998","2021-08-10"
"GAGE61FL_2021-08-10.RDS","GAGE61FL.DBF","2012","2021-08-10"
"ETGE81FL_2021-08-10.RDS","ETGE81FL.DBF","2019","2021-08-10"
"ETGE71FL_2021-08-10.RDS","ETGE71FL.DBF","2016","2021-08-10"
"ETGE61FL_2021-08-10.RDS","ETGE61FL.DBF","2011","2021-08-10"
"ETGE52FL_2021-08-10.RDS","ETGE52FL.DBF","2005","2021-08-10"
"ETGE42FL_2021-08-10.RDS","ETGE42FL.DBF","2000","2021-08-10"
"EGGE61FL_2021-08-10.RDS","EGGE61FL.DBF","2014","2021-08-10"
"EGGE5DFL_2021-08-10.RDS","EGGE5DFL.DBF","2008","2021-08-10"
"EGGE52FL_2021-08-10.RDS","EGGE52FL.DBF","2005","2021-08-10"
"EGGE4BFL_2021-08-10.RDS","EGGE4BFL.DBF","2003","2021-08-10"
"EGGE42FL_2021-08-10.RDS","EGGE42FL.DBF","2000","2021-08-10"
"DRGE6AFL_2021-08-10.RDS","DRGE6AFL.DBF","2013","2021-08-10"
"DRGE61FL_2021-08-10.RDS","DRGE61FL.DBF","2013","2021-08-10"
"DRGE52FL_2021-08-10.RDS","DRGE52FL.DBF","2007","2021-08-10"
"COGE61FL_2021-08-10.RDS","COGE61FL.DBF","2010","2021-08-10"
"CMGE71FL_2021-08-10.RDS","CMGE71FL.DBF","2018","2021-08-10"
"CMGE61FL_2021-08-10.RDS","CMGE61FL.DBF","2011","2021-08-10"
"CMGE42FL_2021-08-10.RDS","CMGE42FL.DBF","2004","2021-08-10"
"CIGE61FL_2021-08-10.RDS","CIGE61FL.DBF","2012","2021-08-10"
"CIGE3BFL_2021-08-10.RDS","CIGE3BFL.DBF","1998","2021-08-10"
"CDGE61FL_2021-08-10.RDS","CDGE61FL.DBF","2013","2021-08-10"
"CDGE52FL_2021-08-10.RDS","CDGE52FL.DBF","2007","2021-08-10"
"BUGE71FL_2021-08-10.RDS","BUGE71FL.DBF","2016","2021-08-10"
"BUGE6AFL_2021-08-10.RDS","BUGE6AFL.DBF","2012","2021-08-10"
"BUGE61FL_2021-08-10.RDS","BUGE61FL.DBF","2010","2021-08-10"
"BOGE53FL_2021-08-10.RDS","BOGE53FL.DBF","2008","2021-08-10"
"BJGE71FL_2021-08-10.RDS","BJGE71FL.DBF","2017","2021-08-10"
"BJGE61FL_2021-08-10.RDS","BJGE61FL.DBF","2012","2021-08-10"
"BJGE42FL_2021-08-10.RDS","BJGE42FL.DBF","2001","2021-08-10"
"BJGE33FL_2021-08-10.RDS","BJGE33FL.DBF","1996","2021-08-10"
"BFGE7AFL_2021-08-10.RDS","BFGE7AFL.DBF","2017","2021-08-10"
"BFGE71FL_2021-08-10.RDS","BFGE71FL.DBF","2014","2021-08-10"
"BFGE61FL_2021-08-10.RDS","BFGE61FL.DBF","2010","2021-08-10"
"BFGE43FL_2021-08-10.RDS","BFGE43FL.DBF","2003","2021-08-10"
"BFGE32FL_2021-08-10.RDS","BFGE32FL.DBF","1999","2021-08-10"
"BDGE7SFL_2021-08-10.RDS","BDGE7SFL.DBF","2017","2021-08-10"
"BDGE71FL_2021-08-10.RDS","BDGE71FL.DBF","2014","2021-08-10"
"BDGE61FL_2021-08-10.RDS","BDGE61FL.DBF","2011","2021-08-10"
"BDGE52FL_2021-08-10.RDS","BDGE52FL.DBF","2007","2021-08-10"
"BDGE4JFL_2021-08-10.RDS","BDGE4JFL.DBF","2004","2021-08-10"
"BDGE42FL_2021-08-10.RDS","BDGE42FL.DBF","2000","2021-08-10"
"AOGE71FL_2021-08-10.RDS","AOGE71FL.DBF","2015","2021-08-10"
"AOGE61FL_2021-08-10.RDS","AOGE61FL.DBF","2011","2021-08-10"
"AOGE52FL_2021-08-10.RDS","AOGE52FL.DBF","2006","2021-08-10"
"AMGE71FL_2021-08-10.RDS","AMGE71FL.DBF","2016","2021-08-10"
"AMGE61FL_2021-08-10.RDS","AMGE61FL.DBF","2010","2021-08-10"
"ALGE71FL_2021-08-10.RDS","ALGE71FL.DBF","2017","2021-08-10"
"ALGE51FL_2021-08-10.RDS","ALGE51FL.DBF","2008","2021-08-10"
